{
  "Add car - GET-1" : {
    "transaction" : "Add car - GET-1",
    "sampleCount" : 20,
    "errorCount" : 0,
    "errorPct" : 0.0,
    "meanResTime" : 70.25,
    "medianResTime" : 56.0,
    "minResTime" : 51.0,
    "maxResTime" : 176.0,
    "pct1ResTime" : 135.3000000000001,
    "pct2ResTime" : 174.2,
    "pct3ResTime" : 176.0,
    "throughput" : 0.1918152435574055,
    "receivedKBytesPerSec" : 0.09497102390977011,
    "sentKBytesPerSec" : 0.02865989478933891
  },
  "Guest log in - POST" : {
    "transaction" : "Guest log in - POST",
    "sampleCount" : 7,
    "errorCount" : 0,
    "errorPct" : 0.0,
    "meanResTime" : 751.8571428571429,
    "medianResTime" : 680.0,
    "minResTime" : 160.0,
    "maxResTime" : 1500.0,
    "pct1ResTime" : 1500.0,
    "pct2ResTime" : 1500.0,
    "pct3ResTime" : 1500.0,
    "throughput" : 0.42968510220367073,
    "receivedKBytesPerSec" : 0.16784574304830888,
    "sentKBytesPerSec" : 0.16029268461113497
  },
  "Stage of creation of API - POST" : {
    "transaction" : "Stage of creation of API - POST",
    "sampleCount" : 7,
    "errorCount" : 0,
    "errorPct" : 0.0,
    "meanResTime" : 202.57142857142858,
    "medianResTime" : 91.0,
    "minResTime" : 56.0,
    "maxResTime" : 415.0,
    "pct1ResTime" : 415.0,
    "pct2ResTime" : 415.0,
    "pct3ResTime" : 415.0,
    "throughput" : 0.45094376087096566,
    "receivedKBytesPerSec" : 0.15545229256587,
    "sentKBytesPerSec" : 0.2034531421117052
  },
  "Add an expense - POST" : {
    "transaction" : "Add an expense - POST",
    "sampleCount" : 4,
    "errorCount" : 0,
    "errorPct" : 0.0,
    "meanResTime" : 216.74999999999997,
    "medianResTime" : 126.5,
    "minResTime" : 55.0,
    "maxResTime" : 559.0,
    "pct1ResTime" : 559.0,
    "pct2ResTime" : 559.0,
    "pct3ResTime" : 559.0,
    "throughput" : 0.5323396326856535,
    "receivedKBytesPerSec" : 0.1845513375033271,
    "sentKBytesPerSec" : 0.3004807692307692
  },
  "Incorrect data entry in the \"Mileage\" field - POST" : {
    "transaction" : "Incorrect data entry in the \"Mileage\" field - POST",
    "sampleCount" : 4,
    "errorCount" : 0,
    "errorPct" : 0.0,
    "meanResTime" : 238.75,
    "medianResTime" : 95.0,
    "minResTime" : 65.0,
    "maxResTime" : 700.0,
    "pct1ResTime" : 700.0,
    "pct2ResTime" : 700.0,
    "pct3ResTime" : 700.0,
    "throughput" : 0.4983181761554753,
    "receivedKBytesPerSec" : 0.17275678958515014,
    "sentKBytesPerSec" : 0.2403995888875047
  },
  "Add car - GET-0" : {
    "transaction" : "Add car - GET-0",
    "sampleCount" : 20,
    "errorCount" : 0,
    "errorPct" : 0.0,
    "meanResTime" : 111.2,
    "medianResTime" : 95.5,
    "minResTime" : 54.0,
    "maxResTime" : 187.0,
    "pct1ResTime" : 182.5000000000001,
    "pct2ResTime" : 187.0,
    "pct3ResTime" : 187.0,
    "throughput" : 0.19195884402384128,
    "receivedKBytesPerSec" : 0.07273440574340861,
    "sentKBytesPerSec" : 0.028681350718405975
  },
  "Cars brands - GET-0" : {
    "transaction" : "Cars brands - GET-0",
    "sampleCount" : 22,
    "errorCount" : 0,
    "errorPct" : 0.0,
    "meanResTime" : 200.13636363636365,
    "medianResTime" : 199.5,
    "minResTime" : 143.0,
    "maxResTime" : 271.0,
    "pct1ResTime" : 251.79999999999998,
    "pct2ResTime" : 268.74999999999994,
    "pct3ResTime" : 271.0,
    "throughput" : 0.2151841780942507,
    "receivedKBytesPerSec" : 0.0788027995950625,
    "sentKBytesPerSec" : 0.029419711848823332
  },
  "Instructions - GET" : {
    "transaction" : "Instructions - GET",
    "sampleCount" : 19,
    "errorCount" : 0,
    "errorPct" : 0.0,
    "meanResTime" : 160.89473684210526,
    "medianResTime" : 152.0,
    "minResTime" : 57.0,
    "maxResTime" : 390.0,
    "pct1ResTime" : 226.0,
    "pct2ResTime" : 390.0,
    "pct3ResTime" : 390.0,
    "throughput" : 4.1344563773148583E-5,
    "receivedKBytesPerSec" : 6.381037011616497E-5,
    "sentKBytesPerSec" : 1.4059191710688274E-5
  },
  "Login with valid login details & Remember me option ON - POST" : {
    "transaction" : "Login with valid login details & Remember me option ON - POST",
    "sampleCount" : 7,
    "errorCount" : 0,
    "errorPct" : 0.0,
    "meanResTime" : 716.2857142857143,
    "medianResTime" : 611.0,
    "minResTime" : 554.0,
    "maxResTime" : 1012.0,
    "pct1ResTime" : 1012.0,
    "pct2ResTime" : 1012.0,
    "pct3ResTime" : 1012.0,
    "throughput" : 0.4240368306275745,
    "receivedKBytesPerSec" : 0.27661777622970685,
    "sentKBytesPerSec" : 0.1922008458020354
  },
  "Password Reset with Valid Email - POST" : {
    "transaction" : "Password Reset with Valid Email - POST",
    "sampleCount" : 7,
    "errorCount" : 0,
    "errorPct" : 0.0,
    "meanResTime" : 2973.0,
    "medianResTime" : 2677.0,
    "minResTime" : 2291.0,
    "maxResTime" : 4421.0,
    "pct1ResTime" : 4421.0,
    "pct2ResTime" : 4421.0,
    "pct3ResTime" : 4421.0,
    "throughput" : 0.370350775091265,
    "receivedKBytesPerSec" : 0.11247958110681974,
    "sentKBytesPerSec" : 0.15810175387545633
  },
  "Log Out - GET" : {
    "transaction" : "Log Out - GET",
    "sampleCount" : 4,
    "errorCount" : 0,
    "errorPct" : 0.0,
    "meanResTime" : 282.75,
    "medianResTime" : 158.0,
    "minResTime" : 57.0,
    "maxResTime" : 758.0,
    "pct1ResTime" : 758.0,
    "pct2ResTime" : 758.0,
    "pct3ResTime" : 758.0,
    "throughput" : 0.4658746797111577,
    "receivedKBytesPerSec" : 0.15832459818308875,
    "sentKBytesPerSec" : 0.14331105870020963
  },
  "Password reset with invalid email - POST" : {
    "transaction" : "Password reset with invalid email - POST",
    "sampleCount" : 4,
    "errorCount" : 0,
    "errorPct" : 0.0,
    "meanResTime" : 474.99999999999994,
    "medianResTime" : 389.5,
    "minResTime" : 53.0,
    "maxResTime" : 1068.0,
    "pct1ResTime" : 1068.0,
    "pct2ResTime" : 1068.0,
    "pct3ResTime" : 1068.0,
    "throughput" : 0.4764173415912339,
    "receivedKBytesPerSec" : 0.1651642151024297,
    "sentKBytesPerSec" : 0.19773180681276797
  },
  "Cars brands - GET-1" : {
    "transaction" : "Cars brands - GET-1",
    "sampleCount" : 22,
    "errorCount" : 0,
    "errorPct" : 0.0,
    "meanResTime" : 62.63636363636363,
    "medianResTime" : 54.5,
    "minResTime" : 51.0,
    "maxResTime" : 189.0,
    "pct1ResTime" : 69.5,
    "pct2ResTime" : 171.29999999999976,
    "pct3ResTime" : 189.0,
    "throughput" : 0.2155636990730761,
    "receivedKBytesPerSec" : 0.12146509215348135,
    "sentKBytesPerSec" : 0.02947159948264712
  },
  "Add car - POST" : {
    "transaction" : "Add car - POST",
    "sampleCount" : 4,
    "errorCount" : 0,
    "errorPct" : 0.0,
    "meanResTime" : 316.25,
    "medianResTime" : 279.0,
    "minResTime" : 55.0,
    "maxResTime" : 652.0,
    "pct1ResTime" : 652.0,
    "pct2ResTime" : 652.0,
    "pct3ResTime" : 652.0,
    "throughput" : 0.5747126436781609,
    "receivedKBytesPerSec" : 0.20260865660919541,
    "sentKBytesPerSec" : 0.2379669540229885
  },
  "Remove Car - DELETE" : {
    "transaction" : "Remove Car - DELETE",
    "sampleCount" : 4,
    "errorCount" : 0,
    "errorPct" : 0.0,
    "meanResTime" : 350.25,
    "medianResTime" : 326.5,
    "minResTime" : 58.0,
    "maxResTime" : 690.0,
    "pct1ResTime" : 690.0,
    "pct2ResTime" : 690.0,
    "pct3ResTime" : 690.0,
    "throughput" : 0.5019450370184465,
    "receivedKBytesPerSec" : 0.17058288367423766,
    "sentKBytesPerSec" : 0.1955820993851173
  },
  "Sign in - POST" : {
    "transaction" : "Sign in - POST",
    "sampleCount" : 32,
    "errorCount" : 0,
    "errorPct" : 0.0,
    "meanResTime" : 770.625,
    "medianResTime" : 733.5,
    "minResTime" : 541.0,
    "maxResTime" : 1122.0,
    "pct1ResTime" : 1059.8,
    "pct2ResTime" : 1119.4,
    "pct3ResTime" : 1122.0,
    "throughput" : 6.963037371076343E-5,
    "receivedKBytesPerSec" : 5.563120067589682E-5,
    "sentKBytesPerSec" : 2.1139006276692953E-5
  },
  "Total" : {
    "transaction" : "Total",
    "sampleCount" : 274,
    "errorCount" : 0,
    "errorPct" : 0.0,